{"cameraMode":{"drawMode":0,"name":"Shaded","section":"Shading Mode"},"sceneLighting":false,"audioPlay":false,"sceneViewState":{"m_AlwaysRefresh":false,"showFog":true,"showSkybox":false,"showFlares":true,"showImageEffects":true,"showParticleSystems":true,"showVisualEffectGraphs":true,"m_FxEnabled":true},"in2DMode":false,"pivot":{"x":6.0607008934021,"y":0.8014084100723267,"z":0.08923959732055664},"rotation":{"x":0.09607937186956406,"y":0.32941004633903506,"z":-0.03371607884764671,"w":0.9386844635009766},"size":1.2620015144348145,"orthographic":true}